01101	ARICA	001
01106	CAMARONES	295
01201	IQUIQUE	002
01203	PICA	004
01204	POZO ALMONTE	005
01206	HUARA	003
01208	CAMINA	296
01210	COLCHANE	297
01211	ALTO HOSPICIO	347
01301	PUTRE	294
01302	GENERAL LAGOS	293
02101	TOCOPILLA	006
02103	MARIA ELENA	298
02201	ANTOFAGASTA	007
02202	TALTAL	009
02203	MEJILLONES	008
02206	SIERRA GORDA	299
02301	CALAMA	010
02302	OLLAGUE	300
02303	SAN PEDRO DE ATACAMA	301
03101	CHANARAL	011
03102	DIEGO DE ALMAGRO	012
03201	COPIAPO	013
03202	CALDERA	014
03203	TIERRA AMARILLA	015
03301	VALLENAR	016
03302	FREIRINA	017
03303	HUASCO	018
03304	ALTO DEL CARMEN	302
04101	LA SERENA	019
04102	LA HIGUERA	020
04103	COQUIMBO	021
04104	ANDACOLLO	022
04105	VICUNA	023
04106	PAIHUANO	024
04201	OVALLE	025
04203	MONTE PATRIA	026
04204	PUNITAQUI	027
04205	COMBARBALA	029
04206	RIO HURTADO	028
04301	ILLAPEL	030
04302	SALAMANCA	032
04303	LOS VILOS	033
04304	CANELA	031
05101	ISLA DE PASCUA	041
05201	LA LIGUA	059
05202	PETORCA	055
05203	CABILDO	056
05204	ZAPALLAR	058
05205	PAPUDO	057
05301	VALPARAISO	034
05302	VINA DEL MAR	037
05303	VILLA ALEMANA	039
05304	QUILPUE	038
05305	CASABLANCA	040
05306	QUINTERO	035
05307	PUCHUNCAVI	036
05308	JUAN FERNANDEZ	321
05309	CONCON	340
05401	SAN ANTONIO	042
05402	SANTO DOMINGO	043
05403	CARTAGENA	046
05404	EL TABO	047
05405	EL QUISCO	045
05406	ALGARROBO	044
05501	QUILLOTA	048
05502	NOGALES	052
05503	HIJUELAS	051
05504	LA CALERA	050
05505	LA CRUZ	049
05506	LIMACHE	053
05507	OLMUE	054
05601	SAN FELIPE	060
05602	PANQUEHUE	062
05603	CATEMU	063
05604	PUTAENDO	061
05605	SANTA MARIA	064
05606	LLAY-LLAY	065
05701	LOS ANDES	066
05702	CALLE LARGA	067
05703	SAN ESTEBAN	069
05704	RINCONADA	068
06101	RANCAGUA	105
06102	MACHALI	106
06103	GRANEROS	107
06104	SAN FRANCISCO DE MOSTAZAL	111
06105	DONIHUE	112
06106	COLTAUCO	113
06107	CODEGUA	110
06108	PEUMO	115
06109	LAS CABRAS	116
06110	SAN VICENTE	117
06111	PICHIDEGUA	118
06112	RENGO	121
06113	REQUINOA	119
06114	OLIVAR	120
06115	MALLOA	122
06116	COINCO	114
06117	QUINTA DE TILCOCO	123
06201	SAN FERNANDO	124
06202	CHIMBARONGO	125
06203	NANCAGUA	126
06204	PLACILLA	127
06205	SANTA CRUZ	128
06206	LOLOL	129
06207	PALMILLA	130
06208	PERALILLO	131
06209	CHEPICA	132
06214	PUMANQUE	135
06301	PICHILEMU	137
06302	NAVIDAD	138
06303	LITUECHE	136
06304	LA ESTRELLA	139
06305	MARCHIGUE	134
06306	PAREDONES	133
07101	CURICO	140
07102	TENO	142
07103	ROMERAL	141
07104	RAUCO	143
07105	LICANTEN	145
07106	VICHUQUEN	146
07107	HUALANE	144
07108	MOLINA	147
07109	SAGRADA FAMILIA	148
07201	TALCA	150
07202	SAN CLEMENTE	151
07203	PELARCO	152
07204	RIO CLARO	149
07205	PENCAHUE	153
07206	MAULE	154
07207	CUREPTO	155
07208	CONSTITUCION	157
07209	EMPEDRADO	158
07210	SAN RAFAEL	341
07301	LINARES	159
07302	YERBAS BUENAS	160
07303	COLBUN	161
07304	LONGAVI	162
07305	PARRAL	164
07306	RETIRO	165
07309	VILLA ALEGRE	163
07310	SAN JAVIER	156
07401	CAUQUENES	166
07402	PELLUHUE	320
07403	CHANCO	167
08101	CHILLAN	168
08102	PINTO	169
08103	COIHUECO	170
08104	QUIRIHUE	172
08105	NINHUE	174
08106	PORTEZUELO	171
08107	COBQUECURA	175
08108	TREHUACO	173
08109	SAN CARLOS	176
08110	NIQUEN	177
08111	SAN FABIAN	178
08112	SAN NICOLAS	179
08113	BULNES	180
08114	SAN IGNACIO	181
08115	QUILLON	182
08116	YUNGAY	183
08117	PEMUCO	184
08118	EL CARMEN	185
08119	RANQUIL	187
08120	COELEMU	186
08121	CHILLAN VIEJO	342
08201	CONCEPCION	188
08202	PENCO	191
08203	HUALQUI	192
08204	FLORIDA	193
08205	TOME	190
08206	TALCAHUANO	189
08207	CORONEL	194
08208	LOTA	195
08209	SANTA JUANA	196
08210	SAN PEDRO DE LA PAZ	343
08211	CHIGUAYANTE	344
08212	HUALPEN	346
08301	ARAUCO	198
08302	CURANILAHUE	197
08303	LEBU	199
08304	LOS ALAMOS	200
08305	CANETE	201
08306	CONTULMO	202
08307	TIRUA	203
08401	LOS ANGELES	204
08402	SANTA BARBARA	205
08403	LAJA	210
08404	QUILLECO	206
08405	NACIMIENTO	212
08406	NEGRETE	213
08407	MULCHEN	214
08408	QUILACO	215
08409	YUMBEL	207
08410	CABRERO	208
08411	SAN ROSENDO	211
08412	TUCAPEL	209
08413	ANTUCO	303
08414	ALTO BIOBIO	349
09101	ANGOL	216
09102	PUREN	217
09103	LOS SAUCES	218
09104	RENAICO	219
09105	COLLIPULLI	220
09106	ERCILLA	221
09107	TRAIGUEN	222
09108	LUMACO	223
09109	VICTORIA	224
09110	CURACAUTIN	225
09111	LONQUIMAY	226
09201	TEMUCO	227
09202	VILCUN	228
09203	FREIRE	229
09204	CUNCO	230
09205	LAUTARO	231
09206	PERQUENCO	233
09207	GALVARINO	232
09208	NUEVA IMPERIAL	234
09209	CARAHUE	235
09210	SAAVEDRA	236
09211	PITRUFQUEN	237
09212	GORBEA	238
09213	TOLTEN	239
09214	LONCOCHE	240
09215	VILLARRICA	241
09216	PUCON	242
09217	MELIPEUCO	304
09218	CURARREHUE	305
09219	TEODORO SCHMIDT	306
09220	PADRE LAS CASAS	345
09221	CHOLCHOL	348
10101	VALDIVIA	243
10102	MARIQUINA	245
10103	LANCO	249
10104	LOS LAGOS	247
10105	FUTRONO	248
10106	CORRAL	244
10107	MAFIL	246
10108	PANGUIPULLI	250
10109	LA UNION	251
10110	PAILLACO	252
10111	RIO BUENO	253
10112	LAGO RANCO	254
10201	OSORNO	255
10202	SAN PABLO	257
10203	PUERTO OCTAY	258
10204	PUYEHUE	256
10205	RIO NEGRO	259
10206	PURRANQUE	260
10207	SAN JUAN DE LA COSTA	307
10301	PUERTO MONTT	261
10302	COCHAMO	262
10303	PUERTO VARAS	266
10304	FRESIA	268
10305	FRUTILLAR	269
10306	LLANQUIHUE	267
10307	MAULLIN	263
10308	LOS MUERMOS	264
10309	CALBUCO	265
10401	CASTRO	270
10402	CHONCHI	271
10403	QUEILEN	272
10404	QUELLON	273
10405	PUQUELDON	274
10406	ANCUD	277
10407	QUEMCHI	278
10408	DALCAHUE	279
10410	CURACO DE VELEZ	276
10415	QUINCHAO	275
10501	CHAITEN	280
10502	HUALAIHUE	308
10503	FUTALEUFU	281
10504	PALENA	282
11101	AYSEN	285
11102	CISNES	286
11104	GUAITECAS	309
11201	CHILE CHICO	287
11203	RIO IBANEZ	288
11301	COCHRANE	289
11302	OHIGGINS	310
11303	TORTEL	311
11401	COYHAIQUE	284
11402	LAGO VERDE	312
12101	NATALES	291
12103	TORRES DEL PAINE	313
12202	RIO VERDE	314
12204	SAN GREGORIO	315
12205	PUNTA ARENAS	290
12206	LAGUNA BLANCA	316
12301	PORVENIR	292
12302	PRIMAVERA	317
12304	TIMAUKEL	318
12401	CABO DE HORNOS	319
13101	SANTIAGO	070
13134	SANTIAGO OESTE	073
13135	SANTIAGO SUR	084
13159	RECOLETA	329
13167	INDEPENDENCIA	330
14107	QUINTA NORMAL	081
14109	MAIPU	094
14111	PUDAHUEL	082
14113	RENCA	077
14114	QUILICURA	079
14127	CONCHALI	075
14155	LO PRADO	325
14156	CERRO NAVIA	324
14157	ESTACION CENTRAL	328
14158	HUECHURABA	334
14166	CERRILLOS	333
14201	COLINA	076
14202	LAMPA	078
14203	TIL-TIL	080
14501	TALAGANTE	086
14502	ISLA DE MAIPO	087
14503	EL MONTE	089
14504	PENAFLOR	085
14505	PADRE HURTADO	339
14601	MELIPILLA	088
14602	MARIA PINTO	090
14603	CURACAVI	083
14604	SAN PEDRO	108
14605	ALHUE	109
15103	PROVIDENCIA	072
15105	NUNOA	091
15108	LAS CONDES	071
15128	LA FLORIDA	093
15132	LA REINA	092
15151	MACUL	323
15152	PENALOLEN	322
15160	VITACURA	331
15161	LO BARNECHEA	332
16106	SAN MIGUEL	095
16110	LA CISTERNA	096
16131	LA GRANJA	097
16153	SAN RAMON	326
16154	LA PINTANA	327
16162	PEDRO AGUIRRE CERDA	336
16163	SAN JOAQUIN	335
16164	LO ESPEJO	337
16165	EL BOSQUE	338
16301	PUENTE ALTO	100
16302	PIRQUE	101
16303	SAN JOSE DE MAIPO	102
16401	SAN BERNARDO	098
16402	CALERA DE TANGO	099
16403	BUIN	103
16404	PAINE	104
